Area,Key,English,Somali (current),Somali (corrected),Reviewer notes
Common,dateRangeAll,All time,Waqti kasta,,
Common,dateRangeCustom,Custom…,Doorasho…,,
Common,dateRangeMonth,This month,Bishaan,,
Common,dateRangeToday,Today,Maanta,,
Common,dateRangeWeek,Last 7 days,7-da maalmood ee tegay,,
Common,relativeTimeDaysAgo,"{days, plural, =1{1 day ago} other{{days} days ago}}","{days, plural, =1{1 maalin ka hor} other{{days} maalmood ka hor}}",,
Common,relativeTimeHoursAgo,"{hours, plural, =1{1 hr ago} other{{hours} hr ago}}","{hours, plural, =1{1 saac ka hor} other{{hours} saac ka hor}}",,
Common,relativeTimeJustNow,just now,hadda,,
Common,relativeTimeMinutesAgo,"{minutes, plural, =1{1 min ago} other{{minutes} min ago}}","{minutes, plural, =1{1 daqiiqo ka hor} other{{minutes} daqiiqo ka hor}}",,
Common,relativeTimeOn,on {date},{date}-tii,,
Customers & Suppliers,customerNewButton,+ NEW CUSTOMER,+ MACMIIL CUSUB,,
Customers & Suppliers,customerPickerEmptyMessage,No customers yet. Add one when you record a debt sale.,Wali macmiil ma jiro. Ku dar marka aad qorto iib deyn ah.,,
Customers & Suppliers,customerPickerLoadFailedMessage,Could not load customers. Check your internet and try again.,Macaamiisha lama soo dejin karin. Hubi internetka oo isku day mar kale.,,
Customers & Suppliers,customerPickerNoDebtLabel,no debt,deyn la'aan,,
Customers & Suppliers,customerPickerOwesLabel,owes {amount},wuxuu qabaa{amount},,
Customers & Suppliers,customerPickerSearchEmptyMessage,No customers match “{query}”.,Macmiil la mid ah “{query}” ma jiro.,,
Customers & Suppliers,customerPickerSearchHint,Search name or phone,Raadi magaca ama telefoonka,,
Customers & Suppliers,customerPickerTitle,Choose customer,Dooro macmiil,,
Customers & Suppliers,customersAddButton,Add,Ku dar,,
Customers & Suppliers,customersHasBalanceChip,Has receivable only,Oo deyn kuu leh,,
Customers & Suppliers,customersHeadlineCount,"{count, plural, =0{No customers with balance} =1{1 customer with balance} other{{count} customers with balance}}","{count, plural, =0{Macmiil deyn leh ma jiro} =1{1 macmiil oo deyn leh} other{{count} macaamiil oo deyn leh}}",,
Customers & Suppliers,customersHeadlineLabel,Customers owe you,Deyn lagaa qabo,,
Customers & Suppliers,customersSearchHint,Search customer,Raadi macmiil,,
Customers & Suppliers,customersTitle,Customers,Macaamiisha,,
Customers & Suppliers,partyDetailEditTooltip,Edit name & phone,Bedel magaca & telefoonka,,
Customers & Suppliers,partyDetailEditedAt,contact info edited {when},xog xidhiidh la beddelay {when},,
Customers & Suppliers,partyDetailLoadFailedMessage,Could not load this party.,Qofkan lama soo dejin karin.,,
Customers & Suppliers,partyDetailOpenInvoiceRow,{open} open of {original},{open} furan oo {original},,
Customers & Suppliers,partyDetailOpenInvoicesHeader,Open invoices,Biilasha furan,,
Customers & Suppliers,partyDetailPayButton,PAY,LACAG BIXI,,
Customers & Suppliers,partyDetailPayableLabel,You owe them,Iyagaa lacag lagu leeyahay,,
Customers & Suppliers,partyDetailPaymentsHeader,Payments,Lacagaha la bixiyey,,
Customers & Suppliers,partyDetailReceivableLabel,They owe you,Adigaa lacag laguu leeyahay,,
Customers & Suppliers,partyDetailReceivesHeader,Receives,Alaab La dajiyey,,
Customers & Suppliers,partyDetailSalesHeader,Sales,Iibka,,
Customers & Suppliers,partyDetailTitle,Party,Qof,,
Customers & Suppliers,partyNewCustomerTitle,New customer,Macmiil cusub,,
Customers & Suppliers,partyNewNameLabel,Name,Magaca,,
Customers & Suppliers,partyNewNameRequiredMessage,Enter a name,Geli magac,,
Customers & Suppliers,partyNewOpeningBalanceHelper,Optional — for old debts from before this app.,Ikhtiyaari — deynta hore ka horeysay app-kan.,,
Customers & Suppliers,partyNewOpeningPayableLabel,Opening balance (you owe them),Deyn furitaan (aad u leh),,
Customers & Suppliers,partyNewOpeningReceivableLabel,Opening balance (they owe you),Deyn furitaan (kuugu leh),,
Customers & Suppliers,partyNewPhoneLabel,Phone,Telefoonka,,
Customers & Suppliers,partyNewSaveButton,ADD,KU DAR,,
Customers & Suppliers,partyNewSaveFailedMessage,Could not add. Check your internet and try again.,Luguma dari karin. Hubi internetka oo isku day mar kale.,,
Customers & Suppliers,partyNewSupplierTitle,New supplier,Alaab keene cusub,,
Customers & Suppliers,peopleSortByName,Alphabetical,Magac (alifba),,
Customers & Suppliers,peopleSortByPayable,By debt (most first),Deyn (kii ugu badnaa horta),,
Customers & Suppliers,peopleSortByReceivable,By debt (most first),Deyn (kii ugu badnaa horta),,
Customers & Suppliers,peopleSortLabel,Sort,Habayn,,
Customers & Suppliers,supplierNewButton,+ NEW SUPPLIER,+ ALAAB KEENE CUSUB,,
Customers & Suppliers,supplierPickerEmptyMessage,No suppliers yet. Add one when you record a receive.,Alaab keene maleh. Ku dar marka aad qorto alaab dajin.,,
Customers & Suppliers,supplierPickerLoadFailedMessage,Could not load suppliers. Check your internet and try again.,Alaab keenayaasha lama soo dejin karin. Hubi internetka oo isku day mar kale.,,
Customers & Suppliers,supplierPickerNoBonosLabel,no receives yet,alaab dajin maleh,,
Customers & Suppliers,supplierPickerOwesLabel,you owe {amount},waxaad ka qabtaa {amount},,
Customers & Suppliers,supplierPickerSearchEmptyMessage,No suppliers match “{query}”.,Alaab keene la mid ah “{query}” maleh.,,
Customers & Suppliers,supplierPickerSearchHint,Search name or phone,Ku Raadi magaca ama telefoonka,,
Customers & Suppliers,supplierPickerTitle,Pick supplier,Dooro alaab keenaha,,
Customers & Suppliers,suppliersAddButton,Add,Ku dar,,
Customers & Suppliers,suppliersHasBalanceChip,Has payable only,Oo deyn ku leh,,
Customers & Suppliers,suppliersHeadlineCount,"{count, plural, =0{No suppliers with balance} =1{1 supplier with balance} other{{count} suppliers with balance}}","{count, plural, =0{Bixiye deyn leh ma jiro} =1{1 bixiye oo deyn leh} other{{count} bixiye oo deyn leh}}",,
Customers & Suppliers,suppliersHeadlineLabel,You owe suppliers,Deyn aad qabto,,
Customers & Suppliers,suppliersSearchHint,Search supplier,Raadi bixiye,,
Customers & Suppliers,suppliersTitle,Suppliers,Alaab Keenayaasha,,
Expense,expense,Expense,Qarashaad,,
Expense,expenseAmountLabel,Amount,Lacagta,,
Expense,expenseCategoryLabel,Category,Nooca,,
Expense,expenseEmptyMessage,No expense categories yet. Pick a shop type in Settings.,Wali noocyada qarashaadka lama galin. Ka dooro nooca dukaanka meesha Diyaarinta.,,
Expense,expenseLoadFailedMessage,Could not load categories. Check your internet and try again.,Noocyada lama soo dejin karin. Hubi internetka oo isku day mar kale.,,
Expense,expenseNeedAmountMessage,Enter an amount greater than zero.,Geli lacag ka badan eber.,,
Expense,expenseNeedCategoryMessage,Pick a category first.,Marka hore dooro nooc.,,
Expense,expenseNotesLabel,Note,Qoraal,,
Expense,expensePostFailedMessage,Could not save the expense. Check your internet and try again.,Qarashka lama keydin karin. Hubi internetka oo isku day mar kale.,,
Expense,expenseSaveButton,SAVE,KEYDI,,
Expense,expenseSavedToast,Expense saved,Qarashka waa la keydiyay,,
Expense,expenseTitle,Expense,Qarashaad,,
Filters,filterApplyButton,APPLY,ISTICMAAL,,
Filters,filterCategoryAny,All categories,Qayb kasta,,
Filters,filterChipCategory,{name},{name},,
Filters,filterChipHideVoided,Hiding voided,La qariyay kuwa la tirtiray,,
Filters,filterChipLowStock,Low stock,Yaraatey,,
Filters,filterChipNoPrice,No price,Aan qiimo lahayn,,
Filters,filterChipParty,Party: {name},Qof: {name},,
Filters,filterHideVoided,Hide voided,Qari kuwa la tirtiray,,
Filters,filterLowStockOnly,Low stock only,Kaliya kuwa yaraatey,,
Filters,filterNoPriceOnly,No price yet,Aan qiimo lahayn,,
Filters,filterPartyAny,Anyone,Qof kasta,,
Filters,filterResetButton,Reset,Tirtir,,
Filters,filterSheetTitle,Filter,Shaandhee,,
Filters,filterTooltip,Filter,Shaandhee,,
History,drawerExpenseHistory,Expense history,Taariikhda kharashka,,
History,drawerHistoryHeader,HISTORY,TAARIIKH,,
History,drawerPaymentHistory,Payment history,Taariikhda lacagaha,,
History,drawerReceiveHistory,Receive history,Taariikhda alaabta la qaatay,,
History,drawerSalesHistory,Sales history,Taariikhda iibka,,
History,expenseHistoryEmptyMessage,No expenses yet.,Kharash weli ma jiro.,,
History,expenseHistoryLoadFailedMessage,Could not load expenses. Pull down to try again.,Kharashka ma soo dejin karno. Hoos u jiid si aad mar kale isku daydo.,,
History,expenseHistoryTitle,Expenses,Kharashaadka,,
History,historyToday,Today,Maanta,,
History,historyYesterday,Yesterday,Shalay,,
History,paymentHistoryEmptyMessage,No payments yet.,Lacag weli ma jiro.,,
History,paymentHistoryLoadFailedMessage,Could not load payments. Pull down to try again.,Lacagaha ma soo dejin karno. Hoos u jiid si aad mar kale isku daydo.,,
History,paymentHistoryNoParty,Cash,Kaash,,
History,paymentHistoryRefundBadge,refund,celin,,
History,paymentHistoryTitle,Payments,Lacagaha,,
History,receiveHistoryEmptyMessage,No receives yet. The first SAVE on the Receive screen will land here.,Wali Alaab Lama dejin. Marka hore alaab daji.,,
History,receiveHistoryLoadFailedMessage,Could not load receives. Check your internet and try again.,Sooyaalka Alaab Keenida lama soo dejin karin. Hubi internetka oo isku day mar kale.,,
History,receiveHistorySupplierLabel,Supplier · {name},Alaab keene · {name},,
History,receiveHistoryTitle,Receives,Alaabtii La dajiyey,,
History,receiveHistoryTooltip,Receive history,Sooyaalka Alaab keenida,,
History,receiveHistoryVoidedBadge,Voided,Laga Noqday,,
History,saleHistoryCashLabel,Cash,Kaash,,
History,saleHistoryDebtLabel,Debt · {name},Deyn · {name},,
History,saleHistoryEmptyMessage,No sales yet. The first SAVE on the Sale screen will land here.,Wali waxba lama gadin.  Marka hore wax gad.,,
History,saleHistoryLoadFailedMessage,Could not load sales. Check your internet and try again.,Iibka lama soo dejin karin. Hubi internetka oo isku day mar kale.,,
History,saleHistoryReceiptTooltip,Open receipt,Fur rasiidka,,
History,saleHistoryTitle,Sales,Iibin,,
History,saleHistoryTooltip,Sales history,Sooyaalka iibka,,
History,saleHistoryVoidedBadge,Voided,LagaNoqday,,
History,saleHistoryVoidedSubtitle,voided {when},la baabi'iyay {when},,
Home,homeHint,Choose today's job,Dooro shaqada maanta,,
Home,homeLowStockCount,"{count, plural, =0{none} =1{1 item} other{{count} items}}","{count, plural, =0{midna} =1{1 alaab} other{{count} alaab}}",,
Home,homeLowStockLabel,Low stock,Alaab Yaraatey,,
Home,homePayablesLabel,You owe suppliers,Deyn aad qabto,,
Home,homeReceivablesLabel,Customers owe you,Deynta kaa maqan,,
Home,homeSalesTodayLabel,Sales today,Iibka manta,,
Home,homeTodayHeader,Today,Maanta,,
Manage categories,manageCategoriesAdd,Add category,Ku dar qayb,,
Manage categories,manageCategoriesDefaultBadge,Default,Guud,,
Manage categories,manageCategoriesEmpty,No categories yet. Tap + to add one.,Wali qaybo ma jiraan. Taabo + si aad u darto.,,
Manage categories,manageCategoriesExpensesTab,Expenses,Kharashyada,,
Manage categories,manageCategoriesHide,Hide,Qari,,
Manage categories,manageCategoriesHideConfirmBody,It will no longer appear when adding or editing items. Items already using it keep it until you change them.,Mar dambe kama soo bixi doonto marka aad alaab dartid ama wax ka beddeshid. Alaabta hadda isticmaasha way sii haysanaysaa ilaa aad beddesho.,,
Manage categories,manageCategoriesHideConfirmTitle,Hide category?,Qari qaybta?,,
Manage categories,manageCategoriesNameLabel,Category name,Magaca qaybta,,
Manage categories,manageCategoriesNewTitle,New category,Qayb cusub,,
Manage categories,manageCategoriesProductsTab,Products,Alaabta,,
Manage categories,manageCategoriesRename,Rename,Magac beddel,,
Manage categories,manageCategoriesRenameTitle,Rename category,Magac-beddel qaybta,,
Manage categories,manageCategoriesSave,Save,Kaydi,,
Manage categories,manageCategoriesTitle,Categories,Qaybaha,,
Menu,drawerCustomers,Customers,Macaamiisha,,
Menu,drawerLowStock,Low stock,Alaab yaraatey,,
Menu,drawerManageCategories,Categories,Qaybaha,,
Menu,drawerPeopleHeader,PEOPLE,DADKA,,
Menu,drawerProducts,Products,Alaab,,
Menu,drawerProductsHeader,PRODUCTS,ALAAB,,
Menu,drawerSettings,Settings,Qaabayn,,
Menu,drawerSetupHeader,SETUP,DEJINTA,,
Menu,drawerSuppliers,Suppliers,Alaab Keenayaasha,,
Menu,drawerTopMovers,Top movers,Kuwa ugu badan iibka,,
Payment,allocationApplyButton,APPLY,ADKEE,,
Payment,allocationBalanced,Balanced,Saxan,,
Payment,allocationHeader,{party} · choose invoices,{party} · dooro biilasha,,
Payment,allocationLoadFailed,Could not load open invoices.,Biilasha furan lama soo qaadan karin.,,
Payment,allocationNeedAtLeastOne,Choose at least one invoice to apply.,Doorro biil ugu yaraan mid si aad u adkayso.,,
Payment,allocationNoOpenInvoices,No open invoices for this person.,Biil furan oo qofkan ah ma jiraan.,,
Payment,allocationOverAllocated,Over by {amount},Waad dheereysay: {amount},,
Payment,allocationRowOpen,Open {open} of {original},Furan {open} ee {original},,
Payment,allocationStillToAllocate,Still to allocate: {amount},Wali waxaa hadhay: {amount},,
Payment,allocationToAllocate,{amount} to allocate,{amount} ayaa la qaybinaayaa,,
Payment,payment,Payment,Lacag bixin,,
Payment,paymentAmountLabel,Amount paid,Lacagta la bixiyay,,
Payment,paymentChooseInvoicesChip,Choose invoices,Dooro biilasha,,
Payment,paymentChooseInvoicesChipDone,"{count, plural, =1{1 invoice chosen} other{{count} invoices chosen}}","{count, plural, =1{1 biil ayaa la doortay} other{{count} biil ayaa la doortay}}",,
Payment,paymentCustomerOwesLabel,Owes you {amount},Wuxuu kuu leeyahay {amount},,
Payment,paymentDirectionAny,Any direction,Jiho kasta,,
Payment,paymentDirectionInbound,Customer paid you,Macmiil ku bixiyay,,
Payment,paymentDirectionLabel,Direction,Jihada,,
Payment,paymentDirectionOutbound,You paid supplier,Bixiye aad bixisay,,
Payment,paymentExceedsBalanceMessage,Amount cannot exceed the outstanding balance ({amount}).,Lacagtu kama badnaan karto wadarta deynta ({amount}).,,
Payment,paymentNeedAmountMessage,Enter an amount greater than zero.,Geli lacag ka badan eber.,,
Payment,paymentNeedPartyMessage,"Pick a {type, select, supplier{supplier} other{customer}} first.","Marka hore dooro {type, select, supplier{alaab keenaha} other{macmiilka}}.",,
Payment,paymentNotesLabel,Note,Qoraal,,
Payment,paymentPickCustomerButton,Pick customer,Dooro macmiil,,
Payment,paymentPickSupplierButton,Pick supplier,Dooro alaab keene,,
Payment,paymentPostFailedMessage,Could not save the payment. Check your internet and try again.,Lacag bixinta lama keydin karin. Hubi internetka oo isku day mar kale.,,
Payment,paymentSaveButton,SAVE,KEYDI,,
Payment,paymentSavedToast,Payment saved,Lacag bixinta waa la keydiyay,,
Payment,paymentSupplierOwedLabel,You owe {amount},Waxaad ka qabtaa {amount},,
Payment,paymentTitle,Payment,Lacag bixin,,
Payment,paymentTypeCustomer,Customer,Macmiil,,
Payment,paymentTypeCustomerHint,Customer is paying you back,Macmiilku wuxuu ku siinayaa lacag,,
Payment,paymentTypeSupplier,Supplier,Alaab keene,,
Payment,paymentTypeSupplierHint,You are paying the supplier,Waxaad alaab keenaha siinaysaa lacag,,
Products,addNewItemAddToReceiveButton,ADD TO RECEIVE,KU DAR ALAAB DAJINTA,,
Products,addNewItemAddToSaleButton,ADD TO SALE,KU DAR IIBKA,,
Products,addNewItemBaseOnlyTile,By {base},{base} ku iibiya,,
Products,addNewItemCancelButton,CANCEL,JOOJI,,
Products,addNewItemCategoryLabel,Category (optional),Nooca (ikhtiyaari),,
Products,addNewItemCustomBaseUnitLabel,Base unit,Halbeegga aasaasi,,
Products,addNewItemCustomConversionLabel,How many {base} in 1 {sold}?,Imisa {base} ayaa ku jira 1 {sold}?,,
Products,addNewItemCustomPackagingEntry,+ Custom packaging,+ Baakad gaar ah,,
Products,addNewItemCustomSoldUnitLabel,Sold as,Loo iibiyo,,
Products,addNewItemFailedMessage,Could not create the item. Try again.,Alaabta lama abuuri karin. Isku day mar kale.,,
Products,addNewItemHowDeliveredHeader,How did the supplier deliver?,Sidee bay alaabkeeneha u keenaan?,,
Products,addNewItemHowSoldHeader,How is it sold?,Sidee loo iibiyaa?,,
Products,addNewItemInvalidPriceMessage,Enter a price (0 or more),Geli qiimaha (0 ama wax ka badan),,
Products,addNewItemLoadOptionsFailedHint,Could not load suggestions. Pick custom packaging.,Soo jeedimaha lama soo dejin karin. Dooro baakad gaar ah.,,
Products,addNewItemLooseType,Loose,Furan,,
Products,addNewItemMissingNameMessage,Name is required,Magaca waa loo baahan yahay,,
Products,addNewItemMissingPackagingMessage,Pick how it is sold,Dooro sida loo iibiyo,,
Products,addNewItemMissingUnitMessage,Pick a unit,Dooro halbeeg,,
Products,addNewItemNameLabel,Name,Magaca,,
Products,addNewItemPickedPriceLabel,Sale price per {packaging},Qiimaha iibka mid kasta {packaging},,
Products,addNewItemSearchResult,+ Add new item: “{query}”,+ Ku dar alaab cusub: “{query}”,,
Products,addNewItemSheetTitle,Add new item,Ku dar alaab cusub,,
Products,addNewItemUnitChooseHint,Choose,Dooro,,
Products,addNewItemUseCustomButton,USE THIS PACKAGING,ISTICMAAL BAAKADAN,,
Products,addPackagingConversionLabel,How many {base} in 1 {unit}?,Imisa {base} ayaa ku jira 1 {unit}?,,
Products,addPackagingCustomEntry,+ Custom packaging,+ Baakad gaar ah,,
Products,addPackagingFailedMessage,Could not add the packaging. Try again.,Baakadda luguma dari karin. Isku day mar kale.,,
Products,addPackagingHeaderBaseUnit,Base unit · {unit},Halbeeg aasaasi · {unit},,
Products,addPackagingLessCommonHeader,Less common,Kuwo aan caadi ahayn,,
Products,addPackagingLoadFailedHint,Could not load suggestions. Define your own below.,Soo jeedimaha lama soo dejin karin. Hoosta ka qor mid gaar ah.,,
Products,addPackagingNoSuggestionsHint,No common packagings yet for this base unit — define your own below.,Halbeegan wali baakado caadi ah uma jiraan — hoosta ka qor mid gaar ah.,,
Products,addPackagingPickedPriceLabel,Sale price per {packaging} (optional),Qiimaha iibka mid kasta {packaging} (ikhtiyaari),,
Products,addPackagingPriceLabel,Sale price per {unit} (optional),Qiimaha iibka mid kasta {unit} (ikhtiyaari),,
Products,addPackagingSaveButton,ADD PACKAGING,KU DAR BAAKAD,,
Products,addPackagingSheetTitle,Add packaging,Ku dar baakad,,
Products,addPackagingSuggestionsHeader,Common packagings,Baakado caadi ah,,
Products,addPackagingUnitLabel,Unit,Halbeeg,,
Products,aliasAddDialogHint,e.g. Riis (Somali),tusaale: Rice (Ingiriis),,
Products,aliasAddDialogLanguage,Language,Luqadda,,
Products,aliasAddDialogTitle,Add another name,Ku dar magac kale,,
Products,aliasAddTooltip,Add other name,Ku dar magac kale,,
Products,barcodeAddDialogHint,e.g. 6291100123456,tusaale: 6291100123456,,
Products,barcodeAddDialogSetPrimary,Make primary,Ka dhig kan koowaad,,
Products,barcodeAddDialogTitle,Add barcode,Ku dar bar code,,
Products,barcodeAddTooltip,Add barcode,Ku dar bar code,,
Products,barcodeBoundToPackagingMessage,Code linked to this packaging,Jeegga waxa lagu xidhay shaandhada,,
Products,barcodeChipMakePrimary,Make primary,Ka dhig kan koowaad,,
Products,barcodeChipRemove,Remove,Tirtir,,
Products,barcodeScanAndBindAction,Scan code,Akhri jeegga,,
Products,catalogPickerActivatedBadge,already added,horeyba,,
Products,catalogPickerAddButton,"ADD {count, plural, =1{1 item} other{{count} items}}","KU DAR {count, plural, =1{1 shay} other{{count} shay}}",,
Products,catalogPickerAddedToast,"{count, plural, =1{1 item} other{{count} items}} added","{count, plural, =1{1 shay} other{{count} shay}} ayaa la daray",,
Products,catalogPickerSearchHint,Search global catalog,Ku Raadi liiska guud,,
Products,catalogPickerTitle,Browse catalog,Eeg liiska guud,,
Products,multiScanAppliedSummary,"{count, plural, =1{1 line staged} other{{count} lines staged}}","{count, plural, =1{1 saf la gallinay} other{{count} saf la galiyay}}",,
Products,multiScanDoneAction,DONE,DHAMAYE,,
Products,multiScanEmptyHint,Aim at a barcode. Successful scans stage as lines below.,Jeegga camera-da hor dhig. Akhrida guul leh waxay galayaan liiska hoose.,,
Products,multiScanLongPressHint,Hold to multi-scan,Si dheer u taabo si aad u multi-akhrido,,
Products,multiScanSheetTitle,Multi-scan ({count}),Multi-akhri ({count}),,
Products,multiScanUnknownCount,"{count, plural, =1{1 unknown code — review after} other{{count} unknown codes — review after}}","{count, plural, =1{1 jeeg lama yaqaano — eeg ka dib} other{{count} jeeg lama yaqaano — eeg ka dib}}",,
Products,packagingConversionPreview,1 {unit} holds {qty} {base},1 {unit} waxay qaaddaa {qty} {base},,
Products,packagingEditorAddTitle,Add packaging,Ku dar xidhmad,,
Products,packagingEditorCostLabel,Cost per {unit},Qiimaha {unit},,
Products,packagingEditorEditTitle,Edit packaging,Bedel xidhmadda,,
Products,packagingEditorMissingConversionMessage,How many base units fit in this pack? Enter a number greater than 0.,Imisa unug aasaasi ah ayaa ku jira xidhmaddan? Geli tiro ka weyn 0.,,
Products,packagingEditorMissingUnitMessage,"Pick a packaging unit (e.g. bag, box).","Dooro nooca xidhmadda (tusaale: bac, sanduuq).",,
Products,packagingEditorSaveButton,SAVE,KEYDI,,
Products,packagingEditorStockLabel,Stock — how many {unit}?,Kayd — imisa {unit}?,,
Products,productsEmptyMessage,No items yet. Add one from the catalog below.,Alaabo maleh. Kudar hadda liiska guud.,,
Products,productsHeadline,"{total, plural, =0{No products yet} =1{1 product} other{{total} products}} · {low} low · {noPrice} without price","{total, plural, =0{Alaab weli ma jiro} =1{1 alaab} other{{total} alaab}} · {low} yaraatey · {noPrice} qiimo la'aan",,
Products,productsLoadFailedMessage,Could not load products. Check your internet and try again.,Alaabo lama soo dejin karin. Hubi internetka oo isku day mar kale.,,
Products,productsNewItemButton,NEW ITEM,Alaab CUSUB,,
Products,productsSearchEmptyMessage,Nothing matches “{query}”.,Wax la mid ah “{query}” maleh.,,
Products,productsSearchHint,Search Somali or English,Ku Raadi Soomaali ama Ingiriis,,
Products,productsSortByName,Name (A–Z),Magaca (A–Z),,
Products,productsSortByStockLow,Stock (low first),Kayd (kii ugu yaraa horta),,
Products,productsSortLabel,Sort,Habayn,,
Products,productsTitle,Products,Alaab,,
Products,scanCameraTooltip,Scan barcode,Akhri jeegga,,
Products,scanLookupFailed,Couldn't look up that barcode,Jeegga lama heli karo,,
Products,scanUnknownCreateAction,Create new,Cusub abuur,,
Products,scanUnknownDismissAction,Dismiss,Iska saar,,
Products,scanUnknownPillLabel,Unknown barcode: {code},Jeeg lama yaqaano: {code},,
Products,shopItemDetailAliasesHeader,Other names,Magacyo kale,,
Products,shopItemDetailDefaultForLabel,Default for:,Caadi u ah:,,
Products,shopItemDetailDefaultReceiveBadge,Receive,Soo qaad,,
Products,shopItemDetailDefaultSaleBadge,Sale,Iibin,,
Products,shopItemDetailEditPrice,Edit price,Bedel qiimaha,,
Products,shopItemDetailNoPriceLabel,no price yet,qiimo maleh,,
Products,shopItemDetailReorderBelowLabel,Reorder below {amount} {unit},Soo qaado marka uu yaraado {amount} {unit},,
Products,shopItemDetailStockLabel,Stock,Kayd,,
Products,shopItemEditorAddAliasButton,ADD,KU DAR,,
Products,shopItemEditorAddPackagingButton,Add packaging,Ku dar baakad,,
Products,shopItemEditorAliasHelper,Names a customer might say. Tap a chip to remove it.,Magacyada macmiilku oran karo. Riix shukaansiga si aad u saarto.,,
Products,shopItemEditorAliasHint,Add another name,Ku dar magac kale,,
Products,shopItemEditorAliasesLabel,Other names,Magacyo kale,,
Products,shopItemEditorBarcodeBoundLabel,Barcode {code},Barcode {code},,
Products,shopItemEditorBarcodeCapturedToast,Captured {code},Waa la qaaday {code},,
Products,shopItemEditorBarcodeNoMatchToast,Code {code} isn't in our catalog yet. Fill in the rest and SAVE.,"Koodhka {code} weli kuma jiro cataloga. Buuxi qaybaha kale, ka dibna KAYDI.",,
Products,shopItemEditorBaseBadge,BASE,ASAAS,,
Products,shopItemEditorBaseCostLabel,Cost per {unit},Qiimaha keenta — {unit},,
Products,shopItemEditorBaseSaleLabel,Sale price per {unit},Qiimaha iibka — {unit},,
Products,shopItemEditorBaseStockLabel,Stock — loose {unit},Kayd — furan {unit},,
Products,shopItemEditorBaseUnitLabel,Base unit,Halbeeg aasaasi,,
Products,shopItemEditorBonoSpellingHelper,How this item appears on supplier paper invoices (e.g. CCL 330x24).,Sida alaabtan u soo muuqato qoraalka warqada keenaha (tusaale CCL 330x24).,,
Products,shopItemEditorBonoSpellingLabel,Bono spelling (optional),Qoraalka qoraalka (ikhtiyaari),,
Products,shopItemEditorBuyHeader,Suppliers,Alaab Keenayaasha,,
Products,shopItemEditorBuySubtitle,Default supplier + typical cost — pre-fills Receive later.,Alaab keene asaasi + qiimaha caadiga — wuxuu hore u buuxinayaa Qaadasho.,,
Products,shopItemEditorCategoryLabel,Category,Nooca,,
Products,shopItemEditorChangeDateButton,Change,Bedel,,
Products,shopItemEditorCostPerPackLabel,Cost per {pack},Qiimaha {pack},,
Products,shopItemEditorDedupBody,"Your shop has similar items. Open one to edit, or keep going if it's something different:","Dukaankaaga wuxuu leeyahay alaab la mid ah. Mid ka fur si aad u tafatirto, ama sii wad haddii uu kala duwan yahay:",,
Products,shopItemEditorDedupKeepGoing,IT'S DIFFERENT,WAA KALA DUWAN,,
Products,shopItemEditorDedupOpenExisting,OPEN EXISTING,FUR KII HORE,,
Products,shopItemEditorDedupTitle,You may already have this,Waxaa laga yaabaa inaad horey u haysatay,,
Products,shopItemEditorDiscoveryHeader,Aliases,Magacyo kale,,
Products,shopItemEditorDiscoverySubtitle,Extra names + bono spelling improve search later.,Magacyo kale + qoraalka qoraalka ayaa raadinta ka horumarinaya.,,
Products,shopItemEditorEditPackagingTooltip,Edit packaging,Bedel xidhmadda,,
Products,shopItemEditorIdentifyHeader,Identify,Aqoonsasho,,
Products,shopItemEditorNameLabel,Name,Magaca,,
Products,shopItemEditorNewSupplierButton,NEW,CUSUB,,
Products,shopItemEditorOpeningAsOf,As of {date},Laga bilaabo {date},,
Products,shopItemEditorOpeningHeader,Stock,Inta Taal,,
Products,shopItemEditorOpeningPickBaseUnitFirst,Pick a base unit above to enable this section.,Marka hore dooro cabbir asaasi ah si aad u isticmaasho qaybtan.,,
Products,shopItemEditorOpeningQtyLabel,Quantity in {unit},Tirada {unit},,
Products,shopItemEditorOpeningStockFailedMessage,Item saved but stock did not save — open the product to adjust.,Alaabta waa la kaydiyay laakiin kaydka ma kaydsanin — fur alaabta si aad u hagaajiso.,,
Products,shopItemEditorOpeningStockNote,Opening stock recorded during onboarding.,Kayd furitaan oo la diiwaan geliyay xilliga hagaajinta.,,
Products,shopItemEditorOpeningSubtitle,Enter current stock per packaging so reports are right from day one.,Geli kayd hadda baakad walba si warbixinada saxda u shaqeeyaan maalintaa.,,
Products,shopItemEditorPackagingHeader,Packaging,Xidhmada,,
Products,shopItemEditorPackagingMissingMessage,"Fill at least one packaging (price, cost, stock, or barcode).","Buuxi ugu yaraan hal qaybsasho (qiime, qarash, kayd, ama barcode).",,
Products,shopItemEditorPackagingSummary,Sell {sale} · Cost {cost} · {stock} in stock,Iib {sale} · Qiimaha {cost} · {stock} kayd,,
Products,shopItemEditorPackagingSummaryEmpty,—,—,,
Products,shopItemEditorPackagingsHeader,Packagings,Baakado,,
Products,shopItemEditorPickSupplierButton,Pick supplier,Dooro alaab keene,,
Products,shopItemEditorPrefillBanner,Found '{name}' in the catalog — review and tweak anything that's different.,Waxaan ka helay '{name}' cataloga — fiiri oo wax ka beddel haddii uu jiro waxa kala duwan.,,
Products,shopItemEditorRemoveBarcodeTooltip,Remove barcode,Saar barcode-ka,,
Products,shopItemEditorRemovePackagingTooltip,Remove packaging,Saar xidhmadda,,
Products,shopItemEditorRemoveSupplierTooltip,Remove supplier,Saar alaab keenaha,,
Products,shopItemEditorReorderThresholdHelper,In {unit}. Leave blank for no warning.,{unit} ku qor. Ka tag bannaan haddii aadan rabin digniin.,,
Products,shopItemEditorReorderThresholdLabel,Warn when stock drops below,Soo digi marka kayd-ku ka hooseeyo,,
Products,shopItemEditorRescanBarcodeButton,Scan again,Mar kale sken,,
Products,shopItemEditorSaveAndAddAnotherButton,SAVE & ADD ANOTHER,KEYDI OO KU DAR MID KALE,,
Products,shopItemEditorSaveButton,SAVE,KEYDI,,
Products,shopItemEditorSavedAndContinueToast,{name} saved — add another,{name} waa la keydiyay — ku dar mid kale,,
Products,shopItemEditorScanBarcodeButton,Scan barcode (optional),Sken garee barcode (ikhtiyaari),,
Products,shopItemEditorScanIdentifyButton,Scan,Sken,,
Products,shopItemEditorSessionCounter,"{count, plural, one {1 added} other {# added}}","{count, plural, one {1 la daray} other {# la daray}}",,
Products,shopItemEditorSessionSheetTitle,Added this session,Lagu daray fadhigan,,
Products,shopItemEditorSessionSheetViewAll,View all products →,Eeg dhammaan alaabta →,,
Products,shopItemEditorSuggestionInCatalog,From global catalog — tap to use,Catalog guud — taabo si aad u isticmaasho,,
Products,shopItemEditorSuggestionInShop,Already in your shop — tap to open,Horey ayuu dukaankaaga ugu jiray — taabo si aad u furto,,
Products,shopItemEditorSupplierHeader,Supplier,Alaab Keene,,
Products,shopItemEditorTitleCreate,Add product,Ku dar alaab cusub,,
Products,shopItemEditorTypicalCostHeader,Typical cost,Qiimaha caadiga,,
Products,shopLoadFailedMessage,"Check your internet and try again. If this continues, ask the shop owner to check your access.","Hubi internetka, ka dib mar kale isku day. Haddii ay sii socoto, milkiilaha ha kuu hubiyo gelitaanka.",,
Products,shopLoadFailedTitle,Could not open shops,Dukaamada lama furi karin,,
Products,shopNameLabel,Shop name,Magaca dukaanka,,
Products,shopSetupStatus,Setup: {status},Diyaarin: {status},,
Products,stockAdjustAmountLabel,Amount ({unit}),Tirada ({unit}),,
Products,stockAdjustCurrentLabel,Current: {amount} {unit},Hadda: {amount} {unit},,
Products,stockAdjustFailedMessage,Could not save the adjustment. Try again.,Ma keydin karno hagaajinta. Isku day mar kale.,,
Products,stockAdjustInvalidAmountMessage,Enter a valid amount.,Geli tiro sax ah.,,
Products,stockAdjustModeAdd,Add,Ku dar,,
Products,stockAdjustModeAddHelper,Stock received outside a bono (e.g. found behind the shelf).,Kayd la helay oo aan bono ku jirin.,,
Products,stockAdjustModeOpening,Opening,Furitaan,,
Products,stockAdjustModeOpeningHelper,Stock you had on day one — before this app.,Kayddii aad hore u haysatay ka hor app-kan.,,
Products,stockAdjustModeSetExact,Set exact,Cusub,,
Products,stockAdjustModeSetExactHelper,Type the new total after a physical count.,Geli tirada saxda ah ee aad heshay.,,
Products,stockAdjustModeSubtract,Subtract,Ka jar,,
Products,stockAdjustModeSubtractHelper,"Spoilage, waste, or any loss you can't refund.","Burburin, lumin, ama wax aan dib loo celin karin.",,
Products,stockAdjustNotesLabel,Note (optional),Faallo (ikhtiyaari),,
Products,stockAdjustPreview,New stock: {amount} {unit},Kaydka cusub: {amount} {unit},,
Products,stockAdjustSaveButton,SAVE,KEYDI,,
Products,stockAdjustTitle,Adjust {name} stock,Hagaaji kayd {name},,
Products,stockAdjustUnitCostLabel,Cost per {unit} ({currency}),Qiimaha {unit} ({currency}),,
Products,stockAdjustUnitCostRequiredMessage,Enter the cost per unit so average cost stays correct.,Geli qiimaha xidhmadda si qiimaha celceliska u sii saxo.,,
Products,unit,Unit,Halbeeg,,
Products,unitPickerAddPackagingButton,+ Add packaging,+ Ku dar baakad,,
Products,unitPickerBaseUnit,base unit,halbeeg aasaasi,,
Products,unitPickerDefaultBadge,default,caadi,,
Products,unitPickerLoadFailedMessage,Could not load units. Try again.,Halbeegyada lama soo dejin karin. Isku day mar kale.,,
Products,unitPickerTitle,Choose unit,Dooro halbeeg,,
Receive,bonoAttachCamera,Take photo,Sawir hadda,,
Receive,bonoAttachFailedMessage,Could not attach the bono. Try again.,Bonoga lama raacin karin. Isku day mar kale.,,
Receive,bonoAttachGallery,Choose from gallery,Sawir ka hor leh,,
Receive,bonoAttachTooltip,Attach bono photo,Sawir bonoga,,
Receive,bonoAttachedToast,Bono photo attached,Sawirka bonoga waa la raaciyay,,
Receive,bonoAttachedTooltip,Bono attached — tap to replace,Bono waa la sawiray — taabo si aad u beddesho,,
Receive,bonoTotal,Bono total,Wadarta bono,,
Receive,receive,Receive,Alaab Dajin,,
Receive,receiveAddLineButton,ADD LINE,KU DAR SADAR,,
Receive,receiveDetailLineSubtotal,{quantity} {unit} × {unitCost} = {subtotal},{quantity} {unit} × {unitCost} = {subtotal},,
Receive,receiveDetailLoadFailedMessage,Could not load this receive.,Alaab dajintan lama soo dejin karin.,,
Receive,receiveDetailTitle,Receive,Alaab La Dajiyey,,
Receive,receiveDetailTotalLabel,Total,Wadar,,
Receive,receiveDetailVoidButton,VOID THIS RECEIVE,Ka Noqo BONADAN,,
Receive,receiveDetailVoidedHeader,Voided,Laga Noqday,,
Receive,receiveEmptyMessage,Tap an item to start the receive. Search if it's not in the grid.,Taabo alaab si aad u bilowdo alaab dajin. Ku raadi haddii aysan ku jirin shabakada.,,
Receive,receiveFrom,Receive from {supplier},Ka qaado {supplier},,
Receive,receiveLineDerivedPerUnit,= {money} per {packaging},= {money} mid kasta {packaging},,
Receive,receiveLineQuantityLabel,Qty,Tirada,,
Receive,receiveLineRemoveTooltip,Remove {name},Ka saar {name},,
Receive,receiveLineSubtotal,{quantity} {unit} = {total},{quantity} {unit} · {total},,
Receive,receiveLineTotalLabel,{currency} total,{currency} wadarta,,
Receive,receiveLinesClearAllButton,Clear all,Tirtir dhammaan,,
Receive,receiveLinesClearConfirmBody,This won't undo any saved receive.,Tan ma noqonayso alaab dajin hore loo keydiyay.,,
Receive,receiveLinesClearConfirmNo,CANCEL,JOOJI,,
Receive,receiveLinesClearConfirmTitle,"Clear {count, plural, =1{1 line} other{{count} lines}}?","Tirtir {count, plural, =1{1 sadar} other{{count} sadar}}?",,
Receive,receiveLinesClearConfirmYes,CLEAR,TIRTIR,,
Receive,receiveLinesSummary,"{count, plural, =0{No lines} =1{1 line} other{{count} lines}} · {total}","{count, plural, =0{Wax sadar ah maleh} =1{1 sadar} other{{count} sadar}} · {total}",,
Receive,receiveLoadFailedMessage,Could not load items. Check your internet and try again.,Alaabo lama soo dejin karin. Hubi internetka oo isku day mar kale.,,
Receive,receiveNeedLinesMessage,Add at least one line before saving.,Marka hore ku dar ugu yaraan hal sadar.,,
Receive,receiveNeedSupplierMessage,Pick a supplier before saving.,Dooro alaab keene ka hor inta aadan keydin.,,
Receive,receivePostFailedMessage,Could not save the receive. Check your internet and try again.,Alaab dajinta lama keydin karin. Hubi internetka oo isku day mar kale.,,
Receive,receiveSaveButton,SAVE,KEYDI,,
Receive,receiveSavedToast,Receive saved (on credit),Alaab dajin waa la keydiyay (deyn),,
Receive,receiveSearchHint,Search Somali or English,Ku Raadi Soomaali ama Ingiriis,,
Receive,receiveTitle,Receive,Alaab dajin,,
Receive,receiveVoidBlockedStockMessage,Some items from this receive have already moved. Void blocked.,Alaabaha alaab dajintan qaarkood mar hore wuu dhaqaaqay. Ka noqoshada waa la joojiyay.,,
Receive,receiveVoidConfirmBody,"Use this only when you typed the receive wrong. It reverses the receive, removes the stock, and clears what you owe the supplier for it.","Tan u isticmaal kaliya marka aad qaladka u dhigtay alaab dajinta. Alaab dajinta waa laga noqo doonaa, alaabta kayd-ka waa laga dhimi doonaa, oo lacagta aad alaab keenaha ka qabto ee alaab dajintan waa la nadiifin doonaa.",,
Receive,receiveVoidConfirmNo,CANCEL,JOOJI,,
Receive,receiveVoidConfirmTitle,Void this receive?,Ka noqo alaab dajintan?,,
Receive,receiveVoidConfirmYes,VOID,KaNoqo,,
Receive,receiveVoidFailedMessage,Could not void this receive. Check your internet and try again.,Alaab dajinta lagama noqo karin. Hubi internetka oo isku day mar kale.,,
Receive,receiveVoidMistakesOnlyHint,"Mistakes only. For real returns to the supplier, record a Payment instead.","Kaliya qaladaad. Haddii aad alaab keenaha wax u celineyso, taas u qor lacag-bixinta.",,
Receive,receiveVoidedToast,Receive voided,Alaab dajinta waa laga noqday,,
Sale,cart,CART,Danbiil,,
Sale,cartClearAllButton,Clear all,Tirtir dhammaan,,
Sale,cartClearConfirmBody,This won't undo any saved sale.,Tan ma noqonayso iib hore loo keydiyay.,,
Sale,cartClearConfirmNo,CANCEL,JOOJI,,
Sale,cartClearConfirmTitle,"Clear {count, plural, =1{1 item} other{{count} items}} from cart?","Ka tirtir {count, plural, =1{1 shay} other{{count} shay}} danbiisha?",,
Sale,cartClearConfirmYes,CLEAR,TIRTIR,,
Sale,cartLineSubtotal,{quantity} × {unitPrice} = {subtotal},{quantity} × {unitPrice} = {subtotal},,
Sale,cartRemoveLineTooltip,Remove {name},Ka saar {name},,
Sale,line,line,sadar,,
Sale,lineEditorCostHintLabel,Your last cost: {cost}. Add your usual markup.,Qiimaha aad ku iibsatay ugu dambeysay: {cost}. Ku dar dheeraadkaaga caadi ah.,,
Sale,lineEditorDoneButton,DONE,DHAMME,,
Sale,lineEditorInvalidPriceMessage,Enter a number 0 or more,Geli lambar 0 ama wax ka badan,,
Sale,lineEditorPriceRequiredHelper,Set a price for this item,Geli qiimaha shaygan,,
Sale,lineEditorTilePriceMissing,—,—,,
Sale,lineTotal,Line total,Wadarta sadar,,
Sale,sale,Sale,Iibi,,
Sale,saleCartSummary,"{count, plural, =0{No items} =1{1 item} other{{count} items}} · {total}","{count, plural, =0{Alaab maleh} =1{1 shay} other{{count} shay}} · {total}",,
Sale,saleCash,Cash,Lacag,,
Sale,saleCustomerChip,{name} · owes {amount},{name} · wuxuu qabaa {amount},,
Sale,saleDebt,Debt,Deyn,,
Sale,saleDetailCashLabel,Cash,Kaash,,
Sale,saleDetailDebtLabel,Debt,Deyn,,
Sale,saleDetailLineSubtotal,{quantity} {unit} × {unitPrice} = {subtotal},{quantity} {unit} × {unitPrice} = {subtotal},,
Sale,saleDetailLoadFailedMessage,Could not load this sale.,Iibkaan lama soo dejin karin.,,
Sale,saleDetailTitle,Sale,Iib,,
Sale,saleDetailTotalLabel,Total,Wadar,,
Sale,saleDetailVoidButton,VOID THIS SALE,Ka noqo IIBKA,,
Sale,saleDetailVoidedHeader,Voided,LagaNoqday,,
Sale,saleEmptyFavoritesMessage,Add products from the catalog to see them here.,Ku dar alaabo liiska guud si aad halkan ku aragto.,,
Sale,saleLoadFailedMessage,Could not load items. Check your internet and try again.,Alaabo lama soo dejin karin. Hubi internetka oo isku day mar kale.,,
Sale,saleNeedCustomerMessage,Pick the customer for this debt sale.,Dooro macmiilka iibka deynta ah.,,
Sale,saleNeedItemsMessage,Add at least one item before saving.,Marka hore ku dar ugu yaraan hal shay.,,
Sale,salePickCustomerButton,Pick customer,Dooro macmiil,,
Sale,salePostFailedMessage,Could not save the sale. Check your internet and try again.,Iibka lama keydin karin. Hubi internetka oo isku day mar kale.,,
Sale,saleReceiptDoneButton,DONE,DHAMMEYSTIR,,
Sale,saleReceiptShareButton,SHARE RECEIPT,U DIR RASIID,,
Sale,saleSaveButton,SAVE,KEYDI,,
Sale,saleSearchEmptyMessage,Nothing matches “{query}”.,Wax la mid ah “{query}” ma jiraan.,,
Sale,saleSearchHint,Search Somali or English,Ku Raadi Soomaali ama Ingiriis,,
Sale,saleTitle,Sale,Iibin,,
Sale,saleVoidConfirmBody,"This will reverse the sale, restore the stock, and clear the customer's debt for it.","Iibka waa laga noqo doonaa, alaabta kayd-ka lugu celi doonaa, deynta macmiilka waa laga jari doonaa.",,
Sale,saleVoidConfirmNo,CANCEL,JOOJI,,
Sale,saleVoidConfirmTitle,Void this sale?,Ka noqo iibkan?,,
Sale,saleVoidConfirmYes,VOID,KaNoqo,,
Sale,saleVoidErrorAlreadyVoided,This sale was already voided.,Iibkan hore ayaa loo joojiyay.,,
Sale,saleVoidErrorNotFound,Sale not found. Pull to refresh and try again.,Iibka lama helin. Cusboonaysii oo isku day mar kale.,,
Sale,saleVoidErrorOwnerOnly,Only the shop owner can void a sale.,Kaliya milkiilaha dukaanka ayaa joojin kara iibka.,,
Sale,saleVoidErrorRefundExceedsPaid,Refund can't be more than the cash paid at the till.,Soo-celinta lagama wada-weynaan karo lacagta kaashka.,,
Sale,saleVoidErrorRefundNeedsCustomer,Walk-in sales can't be refunded — there's no customer to refund to.,Iibyada xayeysiis (walk-in) lama soo celin karo — macmiil aan loogu celiyo ma jiro.,,
Sale,saleVoidErrorWindowExpired,Too late to void — sales can only be voided within 7 days of posting.,Goorta way dhammaatay — iibyada waxaa la joojin karaa 7 maalmood gudahood.,,
Sale,saleVoidFailedMessage,Could not void this sale. Try again.,Iibka lagama noqo karin. Isku day mar kale.,,
Sale,saleVoidRefundAmountLabel,Refund amount,Lacagta la celiyay,,
Sale,saleVoidRefundCheckboxLabel,Refund cash to the customer,Lacagta u celi macmiilka,,
Sale,saleVoidRefundExceedsPaidMessage,Refund cannot exceed the cash paid ({paid}).,Lacagta la celiyay kama badnaan karto lacagta la bixiyay ({paid}).,,
Sale,saleVoidRefundPaidHint,paid: {amount},la bixiyay: {amount},,
Sale,saleVoidedToast,Sale voided,Iibka waa laga noqday,,
